{
   "lambdatest_auth": {
      "username": "enrique.decoss@gmail.com",
      "access_key": "rJdr2OmT4MRQl6Gxx3G8fuhtQljuLx11NheW2WSwCWdfpSTiuX"
   },
   "browsers": [
      {
         "browser": "Chrome",
         "platform": "Windows 10",
         "versions": [
            "latest-1"
         ]
      },
      {
         "browser": "Firefox",
         "platform": "Windows 10",
         "versions": [
            "latest-1"
         ]
      }
   ],
   "run_settings": {
      "reporter_config_file": "base_reporter_config.json",
      "build_name": "build-name",
      "parallels": 1,
      "specs": "./cypress/e2e/e2e_tests/*.cy.js",
      "ignore_files": "",
      "network": false,
      "headless": false,
      "npm_dependencies": {
         "cypress": "10"
      }
   },
   "tunnel_settings": {
      "tunnel": false,
      "tunnel_name": null
   }
}